RequestA,RequestB
testa1,testb1
testa2,testb2
testa3,testb3
testa4,testb4
testa5,testb5
testa6,testb6
testa7,testb7
testa8,testb8
testa9,testb9
testa10,testb10
testa11,testb11
testa12,testb12
testa13,testb13
testa14,testb14
testa15,testb15
testa16,testb16
testa17,testb17
testa18,testb18
testa19,testb19
testa20,testb20
testa21,testb21
testa22,testb22
testa23,testb23
testa24,testb24
testa25,testb25
testa26,testb26
testa27,testb27
testa28,testb28
testa29,testb29
testa30,testb30
testa31,testb31
testa32,testb32
testa33,testb33
testa34,testb34
testa35,testb35
testa36,testb36
testa37,testb37
testa38,testb38
testa39,testb39
testa40,testb40
testa41,testb41
testa42,testb42
testa43,testb43
testa44,testb44
testa45,testb45
testa46,testb46
testa47,testb47
testa48,testb48
testa49,testb49
